<?xml version="1.0" ?>

<container xmlns="http://symfony.com/schema/dic/services"
           xmlns:xsi="http://www.w3.org/2001/XMLSchema-instance"
           xsi:schemaLocation="http://symfony.com/schema/dic/services http://symfony.com/schema/dic/services/services-1.0.xsd">

    <services>
        <!-- Logger -->
        <service id="Colo\AfterPay\Util\Logger" class="Monolog\Logger">
            <factory service="Shopware\Core\Framework\Log\LoggerFactory" method="createRotating"/>
            <argument type="string">colo_afterpay</argument>
        </service>

        <service id="Colo\AfterPay\Service\LoggerService">
            <argument type="service" id="Shopware\Core\System\SystemConfig\SystemConfigService"/>
            <argument type="service" id="Colo\AfterPay\Util\Logger"/>
        </service>

        <!-- Services -->
        <service id="Colo\AfterPay\Service\AfterpayService" public="true">
            <argument type="service" id="Shopware\Core\Checkout\Order\Aggregate\OrderTransaction\OrderTransactionStateHandler"/>
            <argument type="service" id="service_container"/>
            <argument type="service" id="salutation.repository"/>
            <argument type="service" id="product.repository"/>
            <argument type="service" id="order.repository"/>
            <argument type="service" id="currency.repository"/>
            <argument type="service" id="Shopware\Core\Checkout\Cart\SalesChannel\CartService"/>
            <argument type="service" id="translator"/>
            <argument type="service" id="Shopware\Core\System\SystemConfig\SystemConfigService"/>
            <argument type="service" id="Shopware\Core\System\StateMachine\StateMachineRegistry"/>
            <argument type="service" id="Colo\AfterPay\Service\LoggerService"/>
        </service>

        <!-- Payment methods -->
        <service id="Colo\AfterPay\Service\Payments\InvoicePayment">
            <argument type="service" id="Colo\AfterPay\Service\AfterpayService"/>
            <tag name="shopware.payment.method.sync"/>
        </service>

        <service id="Colo\AfterPay\Service\Payments\InstallmentPayment">
            <argument type="service" id="Colo\AfterPay\Service\AfterpayService"/>
            <tag name="shopware.payment.method.sync"/>
        </service>

        <service id="Colo\AfterPay\Service\Payments\DirectDebitPayment">
            <argument type="service" id="Colo\AfterPay\Service\AfterpayService"/>
            <tag name="shopware.payment.method.sync"/>
        </service>

        <!-- Subscribers -->
        <service id="Colo\AfterPay\Subscribers\CheckoutSubscriber">
            <argument type="service" id="service_container"/>
            <argument type="service" id="Colo\AfterPay\Service\AfterpayService"/>
            <argument type="service" id="Shopware\Core\System\SystemConfig\SystemConfigService"/>
            <tag name="kernel.event_subscriber"/>
        </service>

<!--        <service id="Colo\AfterPay\Subscribers\KernelSubscriber">-->
<!--            <argument type="service" id="service_container"/>-->
<!--            <tag name="kernel.event_subscriber"/>-->
<!--        </service>-->

        <!-- Decorators -->
        <service id="Colo\AfterPay\Checkout\Order\Validation\OrderValidationFactoryDecorator"
                 decorates="Shopware\Core\Checkout\Order\Validation\OrderValidationFactory"
                 public="false">
            <argument type="service" id="Colo\AfterPay\Checkout\Order\Validation\OrderValidationFactoryDecorator.inner"/>
        </service>

        <!-- Scheduled tasks -->
        <service id="Colo\AfterPay\Components\ScheduledTask\CapturePaymentTask">
            <tag name="shopware.scheduled.task" />
        </service>

        <service id="Colo\AfterPay\Components\ScheduledTask\CapturePaymentTaskHandler">
            <argument type="service" id="scheduled_task.repository" />
            <argument type="service" id="Colo\AfterPay\Service\AfterpayService" />
            <argument type="service" id="Colo\AfterPay\Service\LoggerService" />
            <tag name="messenger.message_handler" />
        </service>

        <!-- Storefront Controllers -->
        <service id="Colo\AfterPay\Storefront\Controller\AfterPayController" public="true">
            <argument type="service" id="customer.repository"/>
            <argument type="service" id="Shopware\Core\Checkout\Cart\SalesChannel\CartService"/>
            <argument type="service" id="Colo\AfterPay\Service\AfterpayService"/>

            <call method="setContainer">
                <argument type="service" id="service_container"/>
            </call>
        </service>

        <!-- Administration Controllers -->
        <service id="Colo\AfterPay\Administration\Controller\Api\AfterPayController" public="true">
            <argument type="service" id="order.repository"/>
            <argument type="service" id="Colo\AfterPay\Service\AfterpayService"/>

            <call method="setContainer">
                <argument type="service" id="service_container"/>
            </call>
        </service>

        <!-- Snippets -->
        <service id="Colo\AfterPay\Resources\snippet\de_DE\SnippetFile_de_DE" public="true">
            <tag name="shopware.snippet.file"/>
        </service>

        <service id="Colo\AfterPay\Resources\snippet\en_GB\SnippetFile_en_GB" public="true">
            <tag name="shopware.snippet.file"/>
        </service>
    </services>
</container>
